RIDERS,MONTH,STATIONS,CASH_FARE_2010USD_BART,AVG_FARE_2010USD_BART,HH,HH_0VEH,POP,WORKERS,MEDIAN_HHINC_2010USD,SERVMILES_E_BART,TOTEMP,RETAIL_EMP,EDHEALTH_EMP,LEISURE_EMP,OTHER_EMP,FUEL_PRICE_2010USD,FUEL_COST_2010USD,TOLL_BB_PK_2010USD,TOLL_BB_OP_2010USD,TOLL_BB_CARPOOL_2010USD,CASUAL_CARPOOL,BART_STRIKE
321180.5238,1/1/2001,39,3.262745403,2.555434597,1452556.571,187359.1429,3870692.571,1924489.571,85841.07733,25527.10573,2012841,201115,314779,179565,1317382,2.240335488,0.101833431,2.490645346,2.490645346,0,1,0
334885.1053,2/1/2001,39,3.249753811,2.545259374,1452696.413,187278.4921,3870052.746,1923471.413,85401.59874,25527.10573,2020777,197511,319473,181972,1321821,2.227693834,0.101182157,2.4807281,2.4807281,0,1,0
340021.5455,3/1/2001,39,3.24237639,2.53948126,1452836.254,187197.8413,3869412.921,1922453.254,85110.28356,25527.10573,2035846,197833,321266,184828,1331919,2.290701793,0.103965286,2.475096481,2.475096481,0,1,0
333794.4286,4/1/2001,39,3.229546184,2.529432436,1452976.095,187117.1905,3868773.095,1921435.095,84676.45762,25527.10573,2012532,196678,321919,185372,1308563,2.436951453,0.11051934,2.465302431,2.465302431,0,1,0
333847.4545,5/1/2001,39,3.215006866,2.518045008,1453115.937,187036.5397,3868133.27,1920416.937,84198.65633,25527.10573,2011925,196831,323980,188738,1302376,2.532738233,0.114776657,2.454203714,2.454203714,0,1,0
329447.8095,6/1/2001,39,3.209588315,2.513801112,1453255.778,186955.8889,3867493.444,1919398.778,83960.33478,25527.10573,2022018,199036,326345,190404,1306233,2.524794472,0.114330316,2.450067416,2.450067416,0,1,0
324565.6,7/1/2001,39,3.218629408,2.4437542,1453395.619,186875.2381,3866853.619,1918380.619,84100.17146,25382.03327,1968597,198381,294427,190728,1285061,2.369746614,0.107228354,2.456969014,2.456969014,0,1,0
321757.913,8/1/2001,39,3.218629408,2.4437542,1453535.46,186794.5873,3866213.794,1917362.46,84003.51416,25382.03327,1958038,197751,289318,191763,1279206,2.137563042,0.096758795,2.456969014,2.456969014,0,1,0
321320.8421,9/1/2001,39,3.204187998,2.432789515,1453675.302,186713.9365,3865573.968,1916344.302,83530.39581,25382.03327,1974977,197628,319470,188124,1269755,2.291850499,0.103781909,2.445945036,2.445945036,0,1,0
315571.1818,10/1/2001,39,3.215006866,2.441003773,1453815.143,186633.2857,3864934.143,1915326.143,83715.91371,25382.03327,1959408,195886,327365,183662,1252495,2.187922611,0.099113142,2.454203714,2.454203714,0,1,0
317824.9474,11/1/2001,39,3.220443743,2.445131739,1453954.984,186552.6349,3864294.317,1914307.984,83760.81533,25382.03327,1956654,202345,330262,181134,1242913,2.012162751,0.091185623,2.458354002,2.458354002,0,1,0
292390.7222,12/1/2001,39,3.233201585,2.454818169,1454094.825,186471.9841,3863654.492,1913289.825,83995.59646,25382.03327,1953325,206574,319334,181322,1246095,1.73753734,0.07877011,2.468092813,2.468092813,0,1,0
300937.5714,1/1/2002,39,3.22589904,2.44927369,1454234.667,186391.3333,3863014.667,1912271.667,83709.07751,25382.03327,1898776,192894,326094,174351,1205437,1.632649667,0.074043069,2.462518351,2.462518351,0,1,0
307748.1579,2/1/2002,39,3.21319865,2.43963088,1454374.508,186310.6825,3862374.841,1911253.508,83283.10372,25382.03327,1903352,189701,328612,175744,1209295,1.61027856,0.073056116,2.452823397,2.452823397,0,1,0
305536.8571,3/1/2002,39,3.19522774,2.425986412,1454514.349,186230.0317,3861735.016,1910235.349,82721.45711,25382.03327,1919568,190619,331746,178948,1218255,1.84396349,0.08368972,2.439105145,2.439105145,0,1,0
311872.9545,4/1/2002,39,3.17745673,2.412493718,1454654.19,186149.381,3861095.19,1909217.19,82166.07175,25382.03327,1918616,190221,333807,183415,1211173,2.070197953,0.093993097,2.425539488,2.425539488,0,1,0
304468.2727,5/1/2002,39,3.17745673,2.412493718,1454794.032,186068.7302,3860455.365,1908199.032,82070.77501,25382.03327,1928195,191155,336480,187507,1213053,2.030176552,0.092210896,2.425539488,2.425539488,0,1,0
302729.9,6/1/2002,39,3.175690495,2.411152699,1454933.873,185988.0794,3859815.54,1907180.873,81929.92478,25382.03327,1936423,192479,334343,189436,1220165,2.059350439,0.093571394,2.424191217,2.424191217,0,1,0
300920.619,7/1/2002,39,3.172163909,2.405660437,1455073.714,185907.4286,3859175.714,1906162.714,81743.83157,25574.88408,1892567,192246,300514,188328,1211479,2.084910783,0.094768672,2.421499167,2.421499167,0,1,0
296473.0455,8/1/2002,39,3.161630991,2.397672633,1455213.556,185826.7778,3858535.889,1905144.556,81377.62666,25574.88408,1896049,191872,301141,190441,1212595,2.067127438,0.09388921,2.413458771,2.413458771,0,1,0
309639.75,9/1/2002,39,3.156390718,2.39369859,1455353.397,185746.127,3857896.063,1904126.397,81148.13637,25574.88408,1919707,193216,328878,188062,1209551,2.028764111,0.09207704,2.409458564,2.409458564,0,1,0
303796.3182,10/1/2002,39,3.151167788,2.389737699,1455493.238,185665.4762,3857256.238,1903108.238,80919.41921,25574.88408,1911963,194597,335367,186099,1195900,1.974892179,0.089564271,2.405471594,2.405471594,0,1,0
294359.9444,11/1/2002,39,3.151167788,2.389737699,1455633.079,185584.8254,3856616.413,1902090.079,80824.9928,25574.88408,1926300,201727,341219,185376,1197978,2.063894628,0.093529968,2.405471594,2.405471594,0,1,0
282622.3158,12/1/2002,39,3.158135545,2.395021806,1455772.921,185504.1746,3855976.587,1901071.921,80909.08877,25574.88408,1923976,205978,327654,185005,1205339,2.039528756,0.092356019,2.410790492,2.410790492,0,1,0
288637.619,1/1/2003,39,3.312243038,2.51189165,1455912.762,185423.5238,3855336.762,1900053.762,80458.6659,25574.88408,1870318,192454,330132,178796,1168936,2.13735683,0.096712979,2.400176114,2.400176114,0,1,0
295525.4737,2/1/2003,39,3.286917313,2.492685488,1456052.603,185342.873,3854696.937,1899035.603,79750.01365,25574.88408,1876808,189165,334932,179774,1172937,2.32466036,0.105108984,2.38182414,2.38182414,0,1,0
296029.8095,3/1/2003,39,3.267288599,2.477799744,1456192.444,185262.2222,3854057.111,1898017.444,79180.87879,25574.88408,1884409,188175,336223,181228,1178783,2.604360478,0.117666889,2.367600434,2.367600434,0,1,0
292949.1364,4/1/2003,39,3.274399129,2.483192126,1456332.286,185181.5714,3853417.286,1896999.286,79260.1236,25574.88408,1876512,186159,336968,182618,1170767,2.528168313,0.114138524,2.372752992,2.372752992,0,1,0
289680.9048,5/1/2003,39,3.279752371,2.487251841,1456472.127,185100.9206,3852777.46,1895981.127,79296.49063,25574.88408,1880079,187067,338713,185187,1169112,2.323157929,0.104804117,2.376632153,2.376632153,0,1,0
290310,6/1/2003,43,3.2761816,2.484543891,1456611.968,185020.2698,3852137.635,1894962.968,79117.05939,25574.88408,1886972,188227,336318,188544,1173883,2.252968361,0.101561309,2.374044638,2.374044638,0,1,0
298911.4545,7/1/2003,43,3.272618597,2.544023156,1456751.81,184939.619,3851497.81,1893944.81,78938.03185,27091.62964,1844715,187909,300331,187421,1169054,2.252889614,0.101481514,2.371462752,2.371462752,0,1,0
302388.2857,8/1/2003,43,3.260208884,2.534376264,1456891.651,184858.9683,3850857.984,1892926.651,78546.08218,27091.62964,1848250,188360,298549,190259,1171082,2.350657855,0.105766383,2.362470206,2.362470206,0,1,0
313681.9524,9/1/2003,43,3.249646652,2.526165542,1457031.492,184778.3175,3850218.159,1891908.492,78199.30858,27091.62964,1871293,188459,326739,188525,1167570,2.503169849,0.112502016,2.354816415,2.354816415,0,1,0
315790.7727,10/1/2003,43,3.253159784,2.528896532,1457171.333,184697.6667,3849578.333,1890890.333,78191.45726,27091.62964,1871367,190023,333799,186984,1160561,2.241851416,0.100644284,2.357362162,2.357362162,0,1,0
308965.8824,11/1/2003,43,3.261975935,2.53574991,1457311.175,184617.0159,3848938.508,1889872.175,78310.73008,27091.62964,1883823,201959,337066,184469,1160329,2.099010602,0.094126036,2.363750678,2.363750678,0,1,0
296470.4737,12/1/2003,43,3.265515789,2.538501673,1457451.016,184536.3651,3848298.683,1888854.016,78302.99659,27091.62964,1883594,203172,329402,185728,1165292,2.005452632,0.089829905,2.366315789,2.366315789,0,1,0
296820.2105,1/1/2004,43,3.57932095,2.782443205,1457590.857,184455.7143,3847658.857,1887835.857,77830.22302,27091.62964,1832357,187418,332664,177932,1134343,2.059286955,0.092138119,2.354816415,2.354816415,0,1,0
305248.2632,2/1/2004,43,3.560097959,2.767499901,1457730.698,184375.0635,3847019.032,1886817.698,77320.48764,27091.62964,1841537,185006,336772,180368,1139391,2.26253594,0.101118925,2.34216971,2.34216971,0,1,0
308214.2609,3/1/2004,43,3.537301174,2.749778451,1457870.54,184294.4127,3846379.206,1885799.54,76734.23029,27091.62964,1851407,185513,336854,182543,1146497,2.538944461,0.113345735,2.327171825,2.327171825,0,1,0
310871.5909,4/1/2004,43,3.526011915,2.741002562,1458010.381,184213.7619,3845739.381,1884781.381,76398.4956,27091.62964,1852896,185191,337048,184638,1146019,2.545919787,0.113530425,2.319744681,2.319744681,0,1,0
310777.25,5/1/2004,43,3.505501005,2.725058073,1458150.222,184133.1111,3845099.556,1883763.222,75863.78662,27091.62964,1861650,186918,336809,188589,1149334,2.672944516,0.119062117,2.306250661,2.306250661,0,1,0
308792.5455,6/1/2004,43,3.494413495,2.716439018,1458290.063,184052.4603,3844459.73,1882745.063,75533.83967,27091.62964,1870243,187594,335788,189892,1156969,2.704722024,0.120343583,2.298956247,2.298956247,0,1,0
308189.9524,7/1/2004,43,3.499948469,2.702820579,1458429.905,183971.8095,3843819.905,1881726.905,75563.35364,26062.65764,1843420,187970,303787,191649,1160014,2.596178881,0.115385728,3.453896515,3.453896515,0,1,0
304724.3182,8/1/2004,43,3.49810153,2.701394289,1458569.746,183891.1587,3843180.079,1880708.746,75433.41125,26062.65764,1842425,188471,301531,192335,1160088,2.482041119,0.110476608,3.452073879,3.452073879,0,1,0
323235.5714,9/1/2004,43,3.490733228,2.695704148,1458709.587,183810.5079,3842540.254,1879690.587,75184.65583,26062.65764,1865622,187728,328077,192516,1157301,2.463033807,0.109793483,3.444802528,3.444802528,0,1,0
315753.45,10/1/2004,43,3.472447564,2.68158312,1458849.429,183729.8571,3841900.429,1878672.429,74701.43167,26062.65764,1871270,190178,334428,188844,1157820,2.753970749,0.122945123,3.426757465,3.426757465,0,1,0
313975.1579,11/1/2004,43,3.470629529,2.68017915,1458989.27,183649.2063,3841260.603,1877654.27,74572.99962,26062.65764,1879551,197598,336702,187662,1157589,2.741112335,0.122553458,3.424963351,3.424963351,0,1,0
294787.9048,12/1/2004,43,3.483395901,2.690037928,1459129.111,183568.5556,3840620.778,1876636.111,74757.67211,26062.65764,1885262,203810,330899,189354,1161199,2.491086411,0.111541183,3.437561745,3.437561745,0,1,0
297523.7,1/1/2005,43,3.476089355,2.684395478,1459268.952,183487.9048,3839980.952,1875617.952,74511.42912,26062.65764,1835557,190568,330663,181162,1133164,2.265175333,0.101577369,3.430351337,3.430351337,0,1,0
310053,2/1/2005,43,3.456153493,2.669000092,1459408.794,183407.254,3839341.127,1874599.794,73995.18517,26062.65764,1845497,187084,336221,182240,1139952,2.395432701,0.107579313,3.410677789,3.410677789,0,1,0
310722.1739,3/1/2005,43,3.429333885,2.648288762,1459548.635,183326.6032,3838701.302,1873581.635,73332.77782,26062.65764,1855578,187757,337751,184657,1145413,2.628403932,0.118219067,3.384211071,3.384211071,0,1,0
319649.4762,4/1/2005,43,3.406424666,2.630597213,1459688.476,183245.9524,3838061.476,1872563.476,72755.28181,26062.65764,1860911,186652,339146,188788,1146325,2.976139445,0.134060335,3.361603289,3.361603289,0,1,0
315888.3333,5/1/2005,43,3.409929218,2.633303589,1459828.317,183165.3016,3837421.651,1871545.317,72742.44949,26062.65764,1867422,186989,340247,191105,1149081,2.910778395,0.131313311,3.365061728,3.365061728,0,1,0
314079.3182,6/1/2005,43,3.408176041,2.631949705,1459968.159,183084.6508,3836781.825,1870527.159,72617.42401,26062.65764,1874569,188157,336493,193057,1156862,2.733267496,0.123491001,3.36333162,3.36333162,0,1,0
309940.15,7/1/2005,43,3.392478199,2.699949049,1460108,183004,3836142,1869509,72195.74314,26968.27462,1850446,189153,306023,193039,1162231,2.917084872,0.131994791,3.347840328,3.347840328,0,1,0
317614.3043,8/1/2005,43,3.375204888,2.686201854,1459341.833,182243.4167,3844070.583,1877489.167,72266.17507,26968.27462,1850625,190527,300903,194634,1164561,3.067661548,0.138599166,3.330794297,3.330794297,0,1,0
336338,9/1/2005,43,3.334457948,2.653772858,1458575.667,181482.8333,3851999.167,1885469.333,71826.58271,26968.27462,1882056,191038,331957,194746,1164315,3.357492032,0.151465806,3.290583501,3.290583501,0,1,0
332171.65,10/1/2005,43,3.327762249,2.648443997,1457809.5,180722.25,3859927.75,1893449.5,72114.41676,26968.27462,1884712,191628,339457,193414,1160213,3.242378876,0.146053103,3.283975904,3.283975904,0,1,0
331713.4737,11/1/2005,43,3.354707692,2.669888887,1457043.333,179961.6667,3867856.333,1901429.667,73133.99971,26968.27462,1897027,198145,342023,193221,1163638,2.807360648,0.126268095,3.310566802,3.310566802,0,1,0
304146.7143,12/1/2005,43,3.368344715,2.680742094,1456277.167,179201.0833,3875784.917,1909409.833,73868.82238,26968.27462,1895924,204455,332180,192792,1166497,2.496342317,0.112111182,3.32402439,3.32402439,0,1,0
314748.5,1/1/2006,43,3.463824508,2.756730962,1455511,178440.5,3883713.5,1917390,73744.37495,26968.27462,1865452,191990,337119,188138,1148205,2.636905134,0.118246867,3.298880484,3.298880484,0,1,0
324285.2105,2/1/2006,43,3.456851535,2.751181428,1454744.833,177679.9167,3891642.083,1925370.167,74029.46302,26968.27462,1880997,187789,344507,191390,1157311,2.764383815,0.12377838,3.292239557,3.292239557,0,1,0
317614.6087,3/1/2006,43,3.43781982,2.736034783,1453978.667,176919.3333,3899570.667,1933350.333,74053.14575,26968.27462,1888177,187663,345607,192744,1162163,2.84083968,0.127012206,3.274114114,3.274114114,0,1,0
323465.3,4/1/2006,43,3.408815881,2.712951611,1453212.5,176158.75,3907499.25,1941330.5,73856.09052,26968.27462,1886024,186990,346806,195339,1156889,3.181561489,0.142033995,3.246491315,3.246491315,0,1,0
331373.4091,5/1/2006,43,3.391982222,2.69955432,1452446.333,175398.1667,3915427.833,1949310.667,73917.06415,26968.27462,1903842,187974,348073,199600,1168195,3.606269353,0.160754949,3.230459259,3.230459259,0,1,0
332732.9091,6/1/2006,43,3.385295219,2.694232379,1451680.167,174637.5833,3923356.417,1957290.833,74196.29523,26968.27462,1915646,189189,344189,202189,1180079,3.483092637,0.155033797,3.224090685,3.224090685,0,1,0
337258.5789,7/1/2006,43,3.375314005,2.757539757,1450914,173877,3931285,1965271,74401.33026,28706.538,1885609,190043,314325,202076,1179165,3.457821681,0.153680964,3.214584767,3.214584767,0,1,0
334426.3478,8/1/2006,43,3.368692496,2.752130165,1451632.917,174366.5833,3933328.083,1967509.5,74572.51364,28706.538,1885759,190677,310544,202623,1181915,3.387942168,0.150352463,3.208278568,3.208278568,0,1,0
345594.05,9/1/2006,43,3.385295219,2.765694138,1452351.833,174856.1667,3935371.167,1969748,75258.67065,28706.538,1916613,189934,342874,202308,1181497,3.126293268,0.138535891,3.224090685,3.224090685,0,1,0
344855.0476,10/1/2006,43,3.403748266,2.780769775,1453070.75,175345.75,3937414.25,1971986.5,75989.18219,28706.538,1920238,190937,347899,201529,1179873,2.784590248,0.123211958,3.241665015,3.241665015,0,1,0
339066.8421,11/1/2006,43,3.408815881,2.784909879,1453789.667,175835.3333,3939457.333,1974225,76422.99567,28706.538,1930353,198288,350753,200702,1180610,2.717313231,0.120058022,3.246491315,3.246491315,0,1,0
323738.8421,12/1/2006,43,3.403748266,2.780769775,1454508.583,176324.9167,3941500.417,1976463.5,76629.50587,28706.538,1927033,202690,341802,201082,1181459,2.817006898,0.124279716,3.241665015,3.241665015,0,1,0
323871.0952,1/1/2007,43,3.393389851,2.772307232,1455227.5,176814.5,3943543.5,1978702,76715.37309,28706.538,1894647,194842,345377,194623,1159805,2.911851672,0.128275404,4.309066477,4.309066477,0,1,0
333519.1579,2/1/2007,43,3.375330591,2.757553308,1455946.417,177304.0833,3945586.583,1980940.5,76624.39459,28706.538,1907106,191134,353321,196877,1165774,3.034582932,0.133486053,4.286134084,4.286134084,0,1,0
342004.9545,3/1/2007,43,3.344873193,2.732670442,1456665.333,177793.6667,3947629.667,1983179,76247.3239,28706.538,1916175,191138,353813,199144,1172080,3.407523199,0.14967159,4.247458023,4.247458023,0,1,0
342994.2381,4/1/2007,43,3.323284596,2.715033145,1457384.25,178283.25,3949672.75,1985417.5,76067.45173,28706.538,1913721,189249,353971,202005,1168496,3.61763266,0.158668099,4.220043931,4.220043931,0,1,0
352992.7727,5/1/2007,43,3.303100279,2.698543107,1458103.167,178772.8333,3951715.833,1987656,75915.72122,28706.538,1928472,190157,355596,206857,1175862,3.745610857,0.164041351,4.194413053,4.194413053,0,1,0
349709.0952,6/1/2007,43,3.296711335,2.693323513,1458822.083,179262.4167,3953758.917,1989894.5,76078.47983,28706.538,1936358,190842,352917,209098,1183501,3.607544118,0.15776432,4.186300108,4.186300108,0,1,0
349717.2857,7/1/2007,43,3.297550156,2.73330872,1459541,179752,3955802,1992133,76407.43695,28706.538,1914126,192336,322341,211045,1188404,3.446201624,0.150489154,4.187365278,4.187365278,0,1,0
354771.7826,8/1/2007,43,3.303608652,2.73833055,1459900.333,180040.6667,3961629.917,1997448.917,76791.6614,28706.538,1916622,192830,319799,211579,1192414,3.220756244,0.140236121,4.195058605,4.195058605,0,1,0
364630.9474,9/1/2007,43,3.294529234,2.730804705,1460259.667,180329.3333,3967457.833,2002764.833,76823.81443,28706.538,1940981,192534,350668,210140,1187639,3.136601007,0.136176599,4.183529186,4.183529186,0,1,0
360196.9545,10/1/2007,43,3.28749665,2.724975461,1460619,180618,3973285.75,2008080.75,76902.53631,28706.538,1951008,192911,357873,208087,1192137,3.312544243,0.143400184,4.17459892,4.17459892,0,1,0
365425.3158,11/1/2007,43,3.268085471,2.708885715,1460978.333,180906.6667,3979113.667,2013396.667,76689.76923,28706.538,1963386,201187,361473,207393,1193333,3.631206079,0.156742708,4.149949804,4.149949804,0,1,0
347133.3889,12/1/2007,43,3.270279381,2.710704227,1461337.667,181195.3333,3984941.583,2018712.583,76982.75043,28706.538,1961199,205858,353028,208512,1193801,3.595230951,0.154744517,4.152735722,4.152735722,0,1,0
336321.1429,1/1/2008,43,3.440053439,2.851428368,1461697,181484,3990769.5,2024028.5,76842.32683,28706.538,1928234,194817,353483,199171,1180763,3.515466022,0.15087837,4.132196324,4.132196324,0,1,0
356237.1,2/1/2008,43,3.430092067,2.843171479,1462056.333,181772.6667,3996597.417,2029344.417,76859.47932,28706.538,1939316,190532,360422,202371,1185991,3.440392644,0.147235063,4.120230711,4.120230711,0,1,0
355646.4762,3/1/2008,43,3.400614814,2.818738058,1462415.667,182061.3333,4002425.333,2034660.333,76436.60406,28706.538,1939382,189948,359393,203472,1186569,3.749867146,0.16002278,4.084822599,4.084822599,0,1,0
367603.1818,4/1/2008,43,3.380115165,2.801746089,1462775,182350,4008253.25,2039976.25,76212.05667,28706.538,1949432,188714,362897,207553,1190268,3.938392444,0.167591168,4.060198396,4.060198396,0,1,0
362761.2857,5/1/2008,43,3.351889287,2.778349921,1463134.333,182638.6667,4014081.167,2045292.167,75809.92709,28706.538,1955462,188521,364282,210591,1192068,4.067562945,0.172598145,4.026293438,4.026293438,0,1,0
372342.5714,6/1/2008,43,3.318449284,2.750631812,1463493.667,182927.3333,4019909.083,2050608.083,75285.58652,28706.538,1956678,189440,357733,213171,1196334,4.501331956,0.190465386,3.986125266,3.986125266,0,1,0
374966.5909,7/1/2008,43,3.301115092,2.750552054,1463853,183216,4025737,2055924,75123.11611,28706.538,1927413,189937,328891,213011,1195574,4.485749486,0.18927213,3.965303413,3.965303413,0,1,0
369883.8571,8/1/2008,43,3.314344504,2.761575053,1463397.5,183130.4167,4029184.167,2052225.333,75236.29621,28706.538,1922240,189805,325847,213184,1193404,4.181249628,0.17654819,3.981194599,3.981194599,0,1,0
379995.619,9/1/2008,43,3.318934652,2.765399652,1462942,183044.8333,4032631.333,2048526.667,75152.31397,28706.538,1941434,188140,356013,211229,1186052,3.921924281,0.16571511,3.986708291,3.986708291,0,1,0
370501.5,10/1/2008,43,3.352802427,2.793618928,1462486.5,182959.25,4036078.5,2044828,75729.05973,28706.538,1938724,188199,363241,208228,1179056,3.598473235,0.152155317,4.027390303,4.027390303,0,1,0
364329.1176,11/1/2008,43,3.418272237,2.848169622,1462031,182873.6667,4039525.667,2041129.333,77013.92031,28706.538,1935049,192546,366154,206215,1170134,2.607330776,0.110324292,4.106032717,4.106032717,0,1,0
351129.8421,12/1/2008,43,3.453995091,2.877934585,1461575.5,182788.0833,4042972.833,2037430.667,77622.79907,28706.538,1922846,195290,357119,206099,1164338,1.967636243,0.083315578,4.148943052,4.148943052,0,1,0
344785.6842,1/1/2009,43,3.43902701,2.865462895,1461120,182702.5,4046420,2033732,77091.26511,28706.538,1874163,181932,362994,195886,1133351,2.127446138,0.090146023,4.130963376,4.130963376,0,1,0
348045.6316,2/1/2009,43,3.422009586,2.851283652,1460664.5,182616.9167,4049867.167,2030033.333,76515.56636,28706.538,1865020,177380,368172,196375,1123093,2.3142239,0.098129635,4.110522025,4.110522025,0,1,0
346657.6364,3/1/2009,43,3.413708306,2.844366868,1460209,182531.3333,4053314.333,2026334.667,76136.15571,28706.538,1855544,175623,367895,195646,1116380,2.279906088,0.096742833,4.100550517,4.100550517,0,1,0
347237.1818,4/1/2009,43,3.405207653,2.837283962,1459753.5,182445.75,4056761.5,2022636,75753.21187,28706.538,1847413,173118,369023,198462,1106810,2.417390658,0.102649285,4.090339524,4.090339524,0,1,0
342393.9,5/1/2009,43,3.395399147,2.829111327,1459298,182360.1667,4060208.667,2018937.333,75342.17243,28706.538,1846934,173285,369221,202656,1101772,2.57968764,0.109618455,4.078557534,4.078557534,0,1,0
339132.9545,6/1/2009,43,3.366481434,2.805016538,1458842.5,182274.5833,4063655.833,2015238.667,74509.26883,28706.538,1838994,173172,362077,203197,1100548,3.017701826,0.128321835,4.043821543,4.043821543,0,1,0
332368.4091,7/1/2009,43,3.584465547,3.098147599,1458387,182189,4067103,2011540,74436.0192,28706.538,1796371,172214,326353,203770,1094034,2.990092305,0.12723797,4.050243556,4.050243556,0,1,0
329688.0476,8/1/2009,43,3.576444119,3.091214469,1461755.917,183603.4167,4069211.417,2009637.667,74182.00162,28706.538,1795907,172866,327706,203752,1091583,3.121811392,0.13293732,4.041179796,4.041179796,0,1,0
353681.1905,9/1/2009,43,3.574208521,3.089282183,1465124.833,185017.8333,4071319.833,2007735.333,74048.33182,27758.90486,1812112,173169,353760,201749,1083434,3.239000264,0.138025579,4.038653696,4.038653696,0,1,0
358408.9524,10/1/2009,43,3.570769508,3.086309754,1468493.75,186432.25,4073428.25,2005833,73889.95659,27175.746,1828675,174255,362012,200268,1092140,3.148127581,0.134248511,4.034767806,4.034767806,0,1,0
345354.6667,11/1/2009,43,3.568244072,3.084126953,1471862.667,187846.6667,4075536.667,2003930.667,73750.71846,27175.746,1832018,180730,363713,197362,1090213,3.058206925,0.130506697,4.031914205,4.031914205,0,1,0
322558.45,12/1/2009,43,3.574539544,3.089568295,1475231.583,189261.0833,4077645.083,2002028.333,73793.79103,27175.746,1822752,185073,353843,197692,1086144,2.997968335,0.128027118,4.039027733,4.039027733,0,1,0
318826,1/1/2010,43,3.562365255,3.079045737,1478600.5,190675.5,4079753.5,2000126,73455.79746,27175.746,1755001,173462,365119,190888,1025532,3.0974464,0.132369504,4.025271475,4.025271475,0,1,0
333791.6842,2/1/2010,43,3.561477708,3.078278608,1481969.417,192089.9167,4081861.917,1998223.667,73350.93874,27175.746,1759371,170245,370993,191768,1026365,3.017195381,0.129031877,4.024268597,4.024268597,0,1,0
329810.913,3/1/2010,43,3.546913078,3.065690015,1485338.333,193504.3333,4083970.333,1996321.333,72964.85123,27175.746,1765695,169786,373343,193086,1029480,3.124088976,0.13369853,4.007811387,4.007811387,0,1,0
333865.6364,4/1/2010,43,3.54076318,3.060374497,1488707.25,194918.75,4086078.75,1994419,72752.4526,27175.746,1805938,170222,374137,201439,1060140,3.1506791,0.134932724,4.00086235,4.00086235,0,1,0
331934.15,5/1/2010,43,3.538020515,3.05800394,1492076.167,196333.1667,4088187.167,1992516.667,72610.36122,27175.746,1817265,171228,374735,202410,1068892,3.153235798,0.135138677,3.997763294,3.997763294,0,1,0
329540.9545,6/1/2010,43,3.541477944,3.060992286,1495445.083,197747.5833,4090295.583,1990614.333,72595.57851,27175.746,1818815,171784,367179,205738,1074114,3.184328897,0.136568788,4.001669993,4.001669993,0,1,0
332894,7/1/2010,43,3.540730697,3.085173899,1498814,199162,4092404,1988712,72494.62163,27175.746,1791520,171511,336244,207038,1076727,3.212662994,0.137882532,6.00123847,4.000825646,2.500516029,0,0
338846.0909,8/1/2010,43,3.535848877,3.080920182,1500672.583,198983.1667,4096037.5,1991404.25,72366.41542,27175.746,1793638,172418,338853,207918,1074449,3.217222947,0.13812764,5.992964198,3.995309465,2.497068416,0,0
354578.619,9/1/2010,43,3.533793141,3.079128942,1502531.167,198804.3333,4099671,1994096.5,72296.14859,27169.50867,1813523,171686,365137,206966,1069734,3.097559355,0.133037624,5.989479901,3.9929866,2.495616625,0,0
356544.75,10/1/2010,43,3.529398338,3.075299582,1504389.75,198625.5,4103304.5,1996788.75,72178.12308,27166.39,1799716,173228,371958,207190,1047340,3.164494442,0.135961093,5.982031082,3.988020721,2.492512951,0,0
353502.3684,11/1/2010,43,3.527914334,3.074006512,1506248.333,198446.6667,4106938,1999481,72119.71532,27166.39,1803220,179195,373526,203770,1046729,3.222959027,0.138522594,5.97951582,3.98634388,2.491464925,0,0
323668.9524,12/1/2010,43,3.521862222,3.068733076,1508106.917,198267.8333,4110571.5,2002173.25,71968.02682,27166.39,1801349,183474,365747,204117,1048011,3.319902326,0.142740336,5.969258004,3.979505336,2.487190835,0,0
334044.95,1/1/2011,43,3.505166309,3.054185289,1509965.5,198089,4114205,2004865.5,71599.0595,27166.39,1797512,173166,363374,196766,1064206,3.378425832,0.145308638,5.940959845,3.960639897,2.475399936,0,0
346195.5263,2/1/2011,44,3.487965876,3.039197895,1511824.083,197910.1667,4117838.5,2007557.75,71220.0978,27166.39,1809219,170984,370868,198811,1068556,3.548069243,0.152659846,5.911806569,3.941204379,2.463252737,0,0
343970.8696,3/1/2011,44,3.454282914,3.009848644,1513682.667,197731.3333,4121472,2010250,70505.02736,27166.39,1812752,170664,372642,200645,1068801,3.925587617,0.168963599,5.854716804,3.903144536,2.439465335,0,0
352160.1429,4/1/2011,44,3.432181623,2.990590944,1515541.25,197552.5,4125105.5,2012942.25,70026.83174,27166.39,1828079,171623,372945,206495,1077016,4.100196633,0.176542374,5.817256987,3.878171325,2.423857078,0,0
352051.7619,5/1/2011,44,3.416111593,2.976588513,1517399.833,197373.6667,4128739,2015634.5,69672.03449,27166.39,1835930,172400,372738,209967,1080825,4.104158928,0.176776408,5.790019649,3.860013099,2.412508187,0,0
355436.1818,6/1/2011,44,3.419774058,2.979779759,1519258.417,197194.8333,4132372.5,2018326.75,69719.82288,27166.39,1838077,173178,366524,212367,1086008,3.84966091,0.165874079,5.796227218,3.864151478,2.415094674,0,0
357693.5,7/1/2011,44,3.416746665,2.974314095,1521117,197016,4136006,2021019,69631.2593,27166.39,1816461,174574,332590,213199,1096098,3.734291764,0.160960852,5.791096042,3.860730695,2.412956684,0,0
358950.6522,8/1/2011,44,3.407350593,2.966134715,1522224,197546.75,4141296.417,2026113.083,69577.11404,27166.39,1828859,175447,340758,213872,1098782,3.714397157,0.160045838,5.775170496,3.850113664,2.40632104,0,0
374131.5238,9/1/2011,44,3.402184504,2.961637581,1523331,198077.5,4146586.833,2031207.167,69608.73328,27166.39,1852469,175137,364413,214430,1098489,3.830821309,0.165003071,5.766414414,3.844276276,2.402672673,0,0
373593.85,10/1/2011,44,3.409216636,2.967759126,1524438,198608.25,4151877.25,2036301.25,69889.97987,27166.39,1863824,176790,372192,212284,1102558,3.757842744,0.161801625,5.778333282,3.852222188,2.407638867,0,0
367591.4737,11/1/2011,44,3.412094948,2.970264726,1525545,199139,4157167.667,2041395.333,70086.44763,27166.39,1870434,184155,372786,209780,1103713,3.695472325,0.159059067,5.783211776,3.855474517,2.409671573,0,0
344647.1905,12/1/2011,44,3.420531745,2.977609048,1526652,199669.75,4162458.083,2046489.417,70397.52228,27166.39,1867487,187429,365514,210054,1104490,3.510393172,0.151038788,5.797511433,3.865007622,2.415629764,0,0
357271.4,1/1/2012,44,3.405546688,2.964564397,1527759,200200.5,4167748.5,2051583.5,70226.26759,27166.39,1855762,178249,368057,203474,1105982,3.587368248,0.154295409,5.77211303,3.848075354,2.405047096,0,0
373226.1,2/1/2012,44,3.390617887,2.951568718,1528866,200731.25,4173038.917,2056677.583,70054.945,27166.39,1868066,174297,375703,206137,1111929,3.856109495,0.165794747,5.746809978,3.831206652,2.394504157,0,0
368055.7727,3/1/2012,44,3.365061728,2.929321812,1529973,201262,4178329.333,2061771.667,69662.39303,27166.39,1876311,174366,377903,208473,1115569,4.174957941,0.179439453,5.703494455,3.802329637,2.376456023,0,0
373972.6667,4/1/2012,44,3.354926397,2.920498898,1531080,201792.75,4183619.75,2066865.75,69587.6181,27166.39,1892657,174670,378531,214602,1124854,4.054343256,0.174193051,5.686315927,3.790877284,2.369298303,0,0
376655.2727,5/1/2012,44,3.358867959,2.92393007,1532187,202323.5,4188910.167,2071959.833,69804.55279,27166.39,1908026,175992,380386,218212,1133436,4.142603816,0.177921424,5.692996541,3.795331027,2.372081892,0,0
373046.619,6/1/2012,44,3.363800626,2.928224009,1533294,202854.25,4194200.583,2077053.917,70042.41905,27166.39,1921111,176549,376568,221399,1146595,3.940587908,0.169184454,5.701356993,3.800904662,2.375565414,0,0
375688.9524,7/1/2012,44,3.416880718,3.052652048,1534401,203385,4199491,2082148,70292.31242,27102.486,1890505,177384,342884,221490,1148747,3.63578951,0.156042468,5.710664153,3.807109435,2.379443397,0,0
384294.6087,8/1/2012,44,3.397970475,3.035757577,1535843.167,202887.9167,4204359.333,2087357.417,70260.34266,27102.486,1906255,178308,351536,224371,1152040,3.91192534,0.167833765,5.679059289,3.786039526,2.366274704,0,0
402955.1579,9/1/2012,44,3.382875367,3.022271559,1537285.333,202390.8333,4209227.667,2092566.833,70303.51375,27315.246,1927993,177972,375945,222591,1151485,3.993489082,0.171271869,5.653830697,3.769220464,2.35576279,0,0
416931.9545,10/1/2012,44,3.384191564,3.023447454,1538727.5,201893.75,4214096,2097776.25,70686.12867,27371.982,1945572,179978,382069,222621,1160904,4.221284073,0.180976809,5.656030469,3.770686979,2.356679362,0,0
393328.4211,11/1/2012,44,3.400302492,3.037841008,1540169.667,201396.6667,4218964.333,2102985.667,71379.42089,27371.982,1956450,189080,384771,220102,1162497,3.717600914,0.159325753,5.682956811,3.788637874,2.367898671,0,0
375091.8889,12/1/2012,44,3.409484453,3.046044202,1541611.833,200899.5833,4223832.667,2108195.083,71929.74162,27371.982,1956952,192004,379081,220728,1165139,3.459819461,0.148225039,5.698302708,3.798868472,2.374292795,0,0
373945,1/1/2013,44,3.399431301,3.037062683,1543054,200402.5,4228701,2113404.5,72073.99768,27371.982,1930006,183334,425326,214312,1107034,3.475184645,0.148830178,5.681500782,3.787667188,2.367291992,0,0
394691.7368,2/1/2013,44,3.371816028,3.012391111,1544496.167,199905.4167,4233569.333,2118613.917,71841.7878,27371.982,1946860,180685,434450,217218,1114507,3.830157594,0.163973925,5.635347122,3.756898082,2.348061301,0,0
394380.381,3/1/2013,44,3.363023375,3.004535727,1545938.333,199408.3333,4238437.667,2123823.333,72006.64027,27371.982,1954152,180458,436178,220129,1117387,3.918531135,0.167697481,5.62065188,3.747101253,2.341938283,0,0
400435.2727,4/1/2013,44,3.366523345,3.007662612,1547380.5,198911.25,4243306,2129032.75,72433.97142,27371.982,1965964,180053,436226,225056,1124629,3.804452705,0.162757335,5.626501413,3.751000942,2.344375589,0,0
397395.7727,5/1/2013,44,3.360540213,3.002317263,1548822.667,198414.1667,4248174.333,2134242.167,72656.83749,27371.982,1977661,181307,438191,229871,1128292,3.818285106,0.163290881,5.616501749,3.7443345,2.340209062,0,0
396414.3,6/1/2013,44,3.352495204,2.995129825,1550264.833,197917.0833,4253042.667,2139451.583,72833.49059,27371.982,1983439,182588,432229,231251,1137371,3.798872002,0.162402793,5.60305605,3.7353707,2.334606688,0,0
321382.0455,7/1/2013,44,3.351174849,2.864840152,1551707,197420,4257911,2144661,73155.09277,27371.982,1965821,183452,405461,231028,1145880,3.776839398,0.161403393,5.60084933,3.733899553,2.333687221,0,1
399712.4091,8/1/2013,44,3.347148458,2.861398086,1552599.417,198040.6667,4264194.25,2150448.583,73483.08528,27371.982,1975450,184554,407526,233145,1150225,3.670675064,0.156810612,5.594119986,3.729413324,2.330883328,0,0
415803.15,9/1/2013,44,3.343260232,2.858074133,1553491.833,198661.3333,4270477.5,2156236.167,73812.83194,27371.982,1993007,183884,431484,232057,1145582,3.73159993,0.159356581,5.587621557,3.725081038,2.328175649,0,0
359904.3182,10/1/2013,44,3.351892304,2.865453487,1554384.25,199282,4276760.75,2162023.75,74419.29605,27371.982,2007541,186025,438110,231390,1152016,3.655336593,0.156044252,5.602048419,3.734698946,2.334186841,0,1
394897.2778,11/1/2013,44,3.358752301,2.871317936,1555276.667,199902.6667,4283044,2167811.333,74988.04236,27371.982,2024062,193962,441126,231107,1157867,3.453246446,0.147364713,5.613513595,3.742342396,2.338963998,0,0
377892.3684,12/1/2013,44,3.359040545,2.87156435,1556169.083,200523.3333,4289327.25,2173598.917,75410.65739,27371.982,2022599,197344,432875,231826,1160554,3.41705183,0.145768297,5.61399534,3.74266356,2.339164725,0,0
381090.3333,1/1/2014,44,3.523707998,3.012334662,1557061.5,201144,4295610.5,2179386.5,75545.49403,27371.982,1995707,187876,433988,225031,1148812,3.442606782,0.146858448,5.593187298,3.728791532,2.330494708,0,0
398669.1053,2/1/2014,44,3.510725655,3.001236364,1557953.917,201764.6667,4301893.75,2185174.083,75679.68713,27371.982,2010822,184331,442094,228010,1156387,3.466145012,0.147862567,5.572580405,3.715053603,2.321908502,0,0
403176.619,3/1/2014,44,3.4882611,2.982031947,1558846.333,202385.3333,4308177,2190961.667,75605.01979,27371.982,2021599,184795,444537,230770,1161497,3.684821844,0.15719112,5.53692238,3.691281587,2.307050992,0,0
403897.8182,4/1/2014,44,3.476798947,2.972233224,1559738.75,203006,4314460.25,2196749.25,75764.54768,27371.982,2035539,185381,446190,236553,1167415,3.866789094,0.164953676,5.518728488,3.679152325,2.299470203,0,0
409927.0476,5/1/2014,44,3.464698108,2.961888503,1560631.167,203626.6667,4320743.5,2202536.833,75907.10578,27371.982,2048656,186078,446975,239614,1175989,3.901910013,0.166451902,5.499520807,3.666347205,2.291467003,0,0
410312,6/1/2014,44,3.458258392,2.956383342,1561523.583,204247.3333,4327026.75,2208324.417,76171.23183,27371.982,2057305,187361,442253,243126,1184565,3.844339091,0.16399598,5.489299035,3.65953269,2.287207931,0,0
414896,7/1/2014,44,3.459608311,2.957537355,1562416,204868,4333310,2214112,76606.0495,27371.982,2034209,187980,410977,242074,1193178,3.785433855,0.161483136,5.491441763,3.660961175,2.288100735,0,0
419255.4762,8/1/2014,44,3.465397306,2.96248623,1563308.417,205488.6667,4339593.25,2219899.583,77139.71183,27371.982,2052050,189355,418426,243568,1200701,3.675338042,0.15678655,5.500630644,3.667087096,2.291929435,0,0
430163.381,9/1/2014,44,3.462791317,2.960258432,1564200.833,206109.3333,4345876.5,2225687.167,77486.58939,27371.982,2070939,187631,443228,241951,1198129,3.556231718,0.151705583,5.496494154,3.664329436,2.290205898,0,0
441428.2727,10/1/2014,46,3.471512721,2.967714154,1565093.25,206730,4352159.75,2231474.75,78087.36894,27371.982,2081624,189417,448146,239916,1204145,3.339264618,0.142449966,5.510337653,3.673558435,2.295974022,0,0
424763.2941,11/1/2014,46,3.490358626,2.983825073,1565985.667,207350.6667,4358443,2237262.333,78918.82139,28048.16263,2095478,196905,451434,238018,1209121,3.048985234,0.130066914,5.540251788,3.693501192,2.308438245,0,0
400071,12/1/2014,46,3.510262167,3.000840139,1566878.083,207971.3333,4364726.25,2243049.917,79778.42457,30583.84,2096753,200364,444142,238379,1213868,2.771064102,0.118211053,5.57184471,3.71456314,2.321601962,0,0
410846.6842,1/1/2015,46,3.526859187,3.015028539,,,,,,30583.84,2071735,191095,447125,232371,1201144,2.49865844,0.106590477,5.598189186,3.732126124,2.332578827,0,0
420906.3158,2/1/2015,46,3.511608115,3.001990758,,,,,,30583.84,2085562,187922,455237,235097,1207306,2.579824269,0.110052937,5.573981135,3.715987423,2.32249214,0,0
423526,3/1/2015,46,3.490831657,2.984229455,,,,,,30583.84,2096399,188287,456091,237836,1214185,3.135283988,0.133748339,5.54100263,3.694001753,2.308751096,0,0
429910.1364,4/1/2015,46,3.483749635,2.978175203,,,,,,30583.84,,,,,,,,,,,1,0
424311.95,5/1/2015,46,3.46608221,2.963071739,,,,,,30583.84,,,,,,,,,,,1,0
432868.5455,6/1/2015,46,3.453983356,2.952728714,,,,,,30583.84,,,,,,,,,,,1,0
427467.0909,7/1/2015,46,3.453751791,2.952530755,,,,,,30583.84,,,,,,,,,,,1,0
429749.619,8/1/2015,46,,,,,,,,30583.84,,,,,,,,,,,1,0
445103,9/1/2015,46,,,,,,,,30770.42219,,,,,,,,,,,1,0
